row,column,id,u,v,x,y
0,0,n0000,0.0,0.0,64.0,82.0
0,1,n0001,0.0625,0.0,187.125,83.0
0,2,n0002,0.125,0.0,310.25,97.0
0,3,n0003,0.1875,0.0,433.375,125.0
0,4,n0004,0.25,0.0,556.5,170.0
0,5,n0005,0.3125,0.0,679.625,181.0
0,6,n0006,0.375,0.0,802.75,181.0
0,7,n0007,0.4375,0.0,925.875,201.0
0,8,n0008,0.5,0.0,1049.0,171.0
0,9,n0009,0.5625,0.0,1172.125,170.0
0,10,n0010,0.625,0.0,1295.25,171.0
0,11,n0011,0.6875,0.0,1418.375,140.0
0,12,n0012,0.75,0.0,1541.5,135.0
0,13,n0013,0.8125,0.0,1664.625,132.0
0,14,n0014,0.875,0.0,1787.75,147.0
0,15,n0015,0.9375,0.0,1910.875,153.0
0,16,n0016,1.0,0.0,2034.0,174.0
1,0,n0100,0.0,0.125,64.651,156.405
1,1,n0101,0.0625,0.125,189.931,156.103
1,2,n0102,0.125,0.125,314.832,172.714
1,3,n0103,0.1875,0.125,439.146,197.48
1,4,n0104,0.25,0.125,562.781,228.62
1,5,n0105,0.3125,0.125,685.722,230.31
1,6,n0106,0.375,0.125,807.971,231.141
1,7,n0107,0.4375,0.125,929.532,242.987
1,8,n0108,0.5,0.125,1050.499,206.604
1,9,n0109,0.5625,0.125,1171.173,199.576
1,10,n0110,0.625,0.125,1292.041,196.844
1,11,n0111,0.6875,0.125,1413.596,164.194
1,12,n0112,0.75,0.125,1536.146,154.122
1,13,n0113,0.8125,0.125,1659.738,147.082
1,14,n0114,0.875,0.125,1784.216,158.906
1,15,n0115,0.9375,0.125,1909.299,160.433
1,16,n0116,1.0,0.125,2034.647,180.21
2,0,n0200,0.0,0.25,66.384,232.619
2,1,n0201,0.0625,0.25,193.34,227.934
2,2,n0202,0.125,0.25,319.477,246.307
2,3,n0203,0.1875,0.25,444.499,269.03
2,4,n0204,0.25,0.25,568.347,288.113
2,5,n0205,0.3125,0.25,691.077,281.155
2,6,n0206,0.375,0.25,812.682,281.88
2,7,n0207,0.4375,0.25,933.052,283.437
2,8,n0208,0.5,0.25,1052.234,239.804
2,9,n0209,0.5625,0.25,1170.754,227.903
2,10,n0210,0.625,0.25,1289.61,223.191
2,11,n0211,0.6875,0.25,1409.845,190.272
2,12,n0212,0.75,0.25,1532.075,175.653
2,13,n0213,0.8125,0.25,1656.335,164.514
2,14,n0214,0.875,0.25,1782.227,172.516
2,15,n0215,0.9375,0.25,1909.135,168.523
2,16,n0216,1.0,0.25,2036.373,186.571
3,0,n0300,0.0,0.375,68.605,309.843
3,1,n0301,0.0625,0.375,196.436,295.681
3,2,n0302,0.125,0.375,322.965,312.185
3,3,n0303,0.1875,0.375,447.828,330.982
3,4,n0304,0.25,0.375,570.969,338.114
3,5,n0305,0.3125,0.375,692.542,323.132
3,6,n0306,0.375,0.375,812.719,325.019
3,7,n0307,0.4375,0.375,931.635,321.427
3,8,n0308,0.5,0.375,1049.585,276.486
3,9,n0309,0.5625,0.375,1167.29,264.49
3,10,n0310,0.625,0.375,1285.848,258.595
3,11,n0311,0.6875,0.375,1406.319,222.83
3,12,n0312,0.75,0.375,1529.268,200.613
3,13,n0313,0.8125,0.375,1654.63,184.287
3,14,n0314,0.875,0.375,1781.854,187.813
3,15,n0315,0.9375,0.375,1910.138,177.286
3,16,n0316,1.0,0.375,2038.595,193.018
4,0,n0400,0.0,0.5,70.524,386.718
4,1,n0401,0.0625,0.5,198.322,358.982
4,2,n0402,0.125,0.5,324.414,369.573
4,3,n0403,0.1875,0.5,448.35,381.444
4,4,n0404,0.25,0.5,570.007,376.237
4,5,n0405,0.3125,0.5,689.607,354.334
4,6,n0406,0.375,0.5,807.687,359.94
4,7,n0407,0.4375,0.5,925.016,357.145
4,8,n0408,0.5,0.5,1042.476,313.957
4,9,n0409,0.5625,0.5,1160.928,301.552
4,10,n0410,0.625,0.5,1281.086,293.547
4,11,n0411,0.6875,0.5,1403.4,254.976
4,12,n0412,0.75,0.5,1527.993,225.77
4,13,n0413,0.8125,0.5,1654.643,204.667
4,14,n0414,0.875,0.5,1782.813,203.773
4,15,n0415,0.9375,0.5,1911.734,186.348
4,16,n0416,1.0,0.5,2040.524,199.436
5,0,n0500,0.0,0.625,71.374,461.604
5,1,n0501,0.0625,0.625,198.372,419.745
5,2,n0502,0.125,0.625,323.542,422.867
5,3,n0503,0.1875,0.625,446.418,426.926
5,4,n0504,0.25,0.625,566.83,410.676
5,5,n0505,0.3125,0.625,685.036,384.124
5,6,n0506,0.375,0.625,801.846,396.125
5,7,n0507,0.4375,0.625,918.538,395.106
5,8,n0508,0.5,0.625,1036.435,350.223
5,9,n0509,0.5625,0.625,1156.402,331.461
5,10,n0510,0.625,0.625,1278.645,319.112
5,11,n0511,0.6875,0.625,1402.935,280.343
5,12,n0512,0.75,0.625,1528.932,247.951
5,13,n0513,0.8125,0.625,1656.293,223.633
5,14,n0514,0.875,0.625,1784.581,218.97
5,15,n0515,0.9375,0.625,1913.189,195.123
5,16,n0516,1.0,0.625,2041.385,205.689
6,0,n0600,0.0,0.75,70.61,533.291
6,1,n0601,0.0625,0.75,196.345,480.73
6,2,n0602,0.125,0.75,320.55,478.438
6,3,n0603,0.1875,0.75,442.895,476.713
6,4,n0604,0.25,0.75,563.273,451.854
6,5,n0605,0.3125,0.75,681.934,422.885
6,6,n0606,0.375,0.75,799.624,442.946
6,7,n0607,0.4375,0.75,917.513,441.003
6,8,n0608,0.5,0.75,1036.771,391.456
6,9,n0609,0.5625,0.75,1158.061,363.712
6,10,n0610,0.625,0.75,1281.364,345.044
6,11,n0611,0.6875,0.75,1406.26,304.638
6,12,n0612,0.75,0.75,1532.305,268.23
6,13,n0613,0.8125,0.75,1659.154,240.445
6,14,n0614,0.875,0.75,1786.467,232.426
6,15,n0615,0.9375,0.75,1913.799,203.131
6,16,n0616,1.0,0.75,2040.621,211.673
7,0,n0700,0.0,0.875,68.061,601.838
7,1,n0701,0.0625,0.875,192.405,543.969
7,2,n0702,0.125,0.875,315.898,540.485
7,3,n0703,0.1875,0.875,438.419,535.66
7,4,n0704,0.25,0.875,559.974,502.7
7,5,n0705,0.3125,0.875,680.737,471.005
7,6,n0706,0.375,0.875,801.095,498.549
7,7,n0707,0.4375,0.875,921.598,493.155
7,8,n0708,0.5,0.875,1042.789,440.013
7,9,n0709,0.5625,0.875,1164.991,406.251
7,10,n0710,0.625,0.875,1288.23,380.838
7,11,n0711,0.6875,0.875,1412.339,334.159
7,12,n0712,0.75,0.875,1537.1,288.761
7,13,n0713,0.8125,0.875,1662.303,255.587
7,14,n0714,0.875,0.875,1787.718,244.127
7,15,n0715,0.9375,0.875,1913.071,210.291
7,16,n0716,1.0,0.875,2038.065,217.394
8,0,n0800,0.0,1.0,64.0,669.0
8,1,n0801,0.0625,1.0,187.125,610.0
8,2,n0802,0.125,1.0,310.25,609.0
8,3,n0803,0.1875,1.0,433.375,602.0
8,4,n0804,0.25,1.0,556.5,558.0
8,5,n0805,0.3125,1.0,679.625,520.0
8,6,n0806,0.375,1.0,802.75,552.0
8,7,n0807,0.4375,1.0,925.875,542.0
8,8,n0808,0.5,1.0,1049.0,486.0
8,9,n0809,0.5625,1.0,1172.125,448.0
8,10,n0810,0.625,1.0,1295.25,417.0
8,11,n0811,0.6875,1.0,1418.375,364.0
8,12,n0812,0.75,1.0,1541.5,309.0
8,13,n0813,0.8125,1.0,1664.625,270.0
8,14,n0814,0.875,1.0,1787.75,255.0
8,15,n0815,0.9375,1.0,1910.875,217.0
8,16,n0816,1.0,1.0,2034.0,223.0
